-- Don't change the order these inserts

INSERT INTO ADDRESS (STREET, NR, ZIP, CITY) VALUES ('Nationale straat', '5', '2000', 'Antwerpen');
INSERT INTO ADDRESS (STREET, NR, ZIP, CITY) VALUES ('Spuibeekstraat', '4', '2800', 'Mechelen');
INSERT INTO ADDRESS (STREET, NR, ZIP, CITY) VALUES ('Kazernedreef', '100', '2500', 'Lier');
INSERT INTO ADDRESS (STREET, NR, ZIP, CITY) VALUES ('Lijsterstraat', '1', '1840', 'Antwerpen');
INSERT INTO ADDRESS (STREET, NR, ZIP, CITY) VALUES ('Kattendijkdok-Oostkaai', '22', '2000', 'Antwerpen');

INSERT INTO PERSON (ADDRESS_ID, FIRSTNAME, LASTNAME) VALUES (1, 'Clarence', 'Ho');
INSERT INTO PERSON (ADDRESS_ID, FIRSTNAME, LASTNAME) VALUES (2, 'Scott', 'Tiger');
INSERT INTO PERSON (ADDRESS_ID, FIRSTNAME, LASTNAME) VALUES (3, 'John', 'Smith');
INSERT INTO PERSON (ADDRESS_ID, FIRSTNAME, LASTNAME) VALUES (4, 'Peter', 'Jackson');
INSERT INTO PERSON (ADDRESS_ID, FIRSTNAME, LASTNAME) VALUES (5, 'Jacky', 'Chan');

INSERT INTO USERS (PERSON_ID, USERNAME, ENCRYPTED_PASSWORD) VALUES (1, 'clarence.ho@gmail.com', '$2a$10$d8OaqZ47XHngjcn5.CXfleGOHNfSd80nJwPl1WBBeLC7R4Px/aLoy');
INSERT INTO USERS (PERSON_ID, USERNAME, ENCRYPTED_PASSWORD) VALUES (2, 'scott.tiger@live.com', '$2a$10$GaPeuHGVAtxkksKyHCkQceOT5blhRfeGcmwoER8MeMeX8f65.uf0G');
INSERT INTO USERS (PERSON_ID, USERNAME, ENCRYPTED_PASSWORD) VALUES (3, 'john.smith@live.com', '$2a$10$OtWajBubGGHRKO8FdCRIMOdG/pgvTszv7ZegTXdTWTd9uPf4Dqab6');
INSERT INTO USERS (PERSON_ID, USERNAME, ENCRYPTED_PASSWORD) VALUES (4, 'peter.jackson@hotmail.com', '$2a$10$QdDYCq5UnGtX58bAMCB0bOKY07RLcOmhQcMER7RL8Kk0CBow9AkP.');
INSERT INTO USERS (PERSON_ID, USERNAME, ENCRYPTED_PASSWORD) VALUES (5, 'jacky.chan@telenet.com', '$2a$10$DQdDz9GfeNspdEFWPArJEOJ5004vX4SyzWr3Ewg0DE7YxVkkh8mRe');

INSERT INTO ROLE (ROLE_TYPE, USER_USER_ID) VALUES ('ROLE_CLIENT', 1);
INSERT INTO ROLE (ROLE_TYPE, USER_USER_ID) VALUES ('ROLE_CLIENT', 2);
INSERT INTO ROLE (ROLE_TYPE, USER_USER_ID) VALUES ('ROLE_CLIENT', 3);
INSERT INTO ROLE (OVERAL_RATING, RATED, DEGREE, ROLE_TYPE, USER_USER_ID) VALUES (0, 0, 'Bachelor', 'ROLE_REPAIRER', 4);
INSERT INTO ROLE (OVERAL_RATING, RATED, DEGREE, ROLE_TYPE, USER_USER_ID) VALUES (0, 0, 'Master', 'ROLE_REPAIRER', 5);

INSERT INTO ITEM (PRODUCT_NAME, BRAND, CATEGORY) VALUES ('G 6510 SC BW', 'Miele', 'Vaatwasser');
INSERT INTO ITEM (PRODUCT_NAME, BRAND, CATEGORY) VALUES ('SN25L280EU', 'Siemens', 'Vaatwasser');
INSERT INTO ITEM (PRODUCT_NAME, BRAND, CATEGORY) VALUES ('F55033W0', 'AEG', 'Vaatwasser');
INSERT INTO ITEM (PRODUCT_NAME, BRAND, CATEGORY) VALUES ('B36753', 'Bosch', 'Vaatwasser');
INSERT INTO ITEM (PRODUCT_NAME, BRAND, CATEGORY) VALUES ('Chromebook XE303C12', 'Samsung', 'Laptop');
INSERT INTO ITEM (PRODUCT_NAME, BRAND, CATEGORY) VALUES ('N76VB-T4038H', 'Asus', 'Laptop');
INSERT INTO ITEM (PRODUCT_NAME, BRAND, CATEGORY) VALUES ('MacBook Air', 'Apple', 'Laptop');
INSERT INTO ITEM (PRODUCT_NAME, BRAND, CATEGORY) VALUES ('Galaxy Tab 3 10.1 WiFi', 'Samsung', 'Tablet');
INSERT INTO ITEM (PRODUCT_NAME, BRAND, CATEGORY) VALUES ('iPad mini 2 16GB WiFi', 'Apple', 'Tablet');
INSERT INTO ITEM (PRODUCT_NAME, BRAND, CATEGORY) VALUES ('One', 'HTC', 'Smartphone');
INSERT INTO ITEM (PRODUCT_NAME, BRAND, CATEGORY) VALUES ('S4 Mini i9195', 'Samsung', 'Smartphone');
INSERT INTO ITEM (PRODUCT_NAME, BRAND, CATEGORY) VALUES ('Nexus 5 16GB', 'LG', 'Smartphone');

INSERT INTO REPAIR_DETAILS (DEFECT, DESCRIPTION, RATING, STATUS, PRICE_MODEL, ASSIGNED) VALUES ('Mechanisch', 'Gaat niet meer open', 'NotSet', 'Broken', 'FIXED', 0);
INSERT INTO REPAIR_DETAILS (DEFECT, DESCRIPTION, RATING, STATUS, PRICE_MODEL, ASSIGNED) VALUES ('Elektrisch', 'Programma stopt niet', 'NotSet', 'Broken', 'FIXED', 0);
INSERT INTO REPAIR_DETAILS (DEFECT, DESCRIPTION, RATING, STATUS, PRICE_MODEL, ASSIGNED) VALUES ('Elektrisch', 'Water blijft staan', 'NotSet', 'Broken', 'FIXED', 0);
INSERT INTO REPAIR_DETAILS (DEFECT, DESCRIPTION, RATING, STATUS, PRICE_MODEL, ASSIGNED) VALUES ('Elektronisch', 'Bedieningspaneel werkt niet meer', 'NotSet', 'Broken', 'FIXED', 0);
INSERT INTO REPAIR_DETAILS (DEFECT, DESCRIPTION, RATING, STATUS, PRICE_MODEL, ASSIGNED) VALUES ('Elektronisch', 'Geen beeld meer', 'NotSet', 'Broken', 'FIXED', 0);
INSERT INTO REPAIR_DETAILS (DEFECT, DESCRIPTION, RATING, STATUS, PRICE_MODEL, ASSIGNED) VALUES ('Mechanisch', 'CD lade is geblokkeerd', 'NotSet', 'Broken', 'FIXED', 0);
INSERT INTO REPAIR_DETAILS (DEFECT, DESCRIPTION, RATING, STATUS, PRICE_MODEL, ASSIGNED) VALUES ('Mechanisch', 'Scherm is gebarsten', 'NotSet', 'Broken', 'FIXED', 0);
INSERT INTO REPAIR_DETAILS (DEFECT, DESCRIPTION, RATING, STATUS, PRICE_MODEL, ASSIGNED) VALUES ('Software', 'Start niet op. Doet niets', 'NotSet', 'Broken', 'FIXED', 0);
INSERT INTO REPAIR_DETAILS (DEFECT, DESCRIPTION, RATING, STATUS, PRICE_MODEL, ASSIGNED) VALUES ('Software', 'Update werkt niet', 'NotSet', 'Broken', 'FIXED', 0);
INSERT INTO REPAIR_DETAILS (DEFECT, DESCRIPTION, RATING, STATUS, PRICE_MODEL, ASSIGNED) VALUES ('Technisch', 'Geen radiosignaal', 'NotSet', 'Broken', 'FIXED', 0);
INSERT INTO REPAIR_DETAILS (DEFECT, DESCRIPTION, RATING, STATUS, PRICE_MODEL, ASSIGNED) VALUES ('Mechanisch', 'Home knop werkt niet meer', 'NotSet', 'Broken', 'FIXED', 0);
INSERT INTO REPAIR_DETAILS (DEFECT, DESCRIPTION, RATING, STATUS, PRICE_MODEL, ASSIGNED) VALUES ('Elektronisch', 'Laad niet meer goed op.', 'NotSet', 'Broken', 'FIXED', 0);

INSERT INTO REPAIR (ITEM_ID, REPAIR_DETAILS_ID, CLIENT_ROLE_ID) VALUES (1, 1, 1);
INSERT INTO REPAIR (ITEM_ID, REPAIR_DETAILS_ID, CLIENT_ROLE_ID) VALUES (5, 5, 1);
INSERT INTO REPAIR (ITEM_ID, REPAIR_DETAILS_ID, CLIENT_ROLE_ID) VALUES (7, 7, 1);
INSERT INTO REPAIR (ITEM_ID, REPAIR_DETAILS_ID, CLIENT_ROLE_ID) VALUES (10, 10, 1);
INSERT INTO REPAIR (ITEM_ID, REPAIR_DETAILS_ID, CLIENT_ROLE_ID) VALUES (12, 12, 1);
INSERT INTO REPAIR (ITEM_ID, REPAIR_DETAILS_ID, CLIENT_ROLE_ID) VALUES (2, 2, 2);
INSERT INTO REPAIR (ITEM_ID, REPAIR_DETAILS_ID, CLIENT_ROLE_ID) VALUES (3, 2, 2);
INSERT INTO REPAIR (ITEM_ID, REPAIR_DETAILS_ID, CLIENT_ROLE_ID) VALUES (4, 4, 2);
INSERT INTO REPAIR (ITEM_ID, REPAIR_DETAILS_ID, CLIENT_ROLE_ID) VALUES (6, 6, 2);
INSERT INTO REPAIR (ITEM_ID, REPAIR_DETAILS_ID, CLIENT_ROLE_ID) VALUES (11, 11, 3);
INSERT INTO REPAIR (ITEM_ID, REPAIR_DETAILS_ID, CLIENT_ROLE_ID) VALUES (8, 8, 3);
INSERT INTO REPAIR (ITEM_ID, REPAIR_DETAILS_ID, CLIENT_ROLE_ID) VALUES (9, 9, 3);

INSERT INTO BID (REPAIR_ID, REPAIRER_ID, PRICE, ACCEPTED, ELIGIBLE, DISCRIMINATOR) VALUES (1, 4, 2000, FALSE, TRUE, 'FixedBid');
INSERT INTO BID (REPAIR_ID, REPAIRER_ID, PRICE, ACCEPTED, ELIGIBLE, DISCRIMINATOR) VALUES (2, 4, 1000, FALSE, TRUE, 'FixedBid');
INSERT INTO BID (REPAIR_ID, REPAIRER_ID, PRICE, ACCEPTED, ELIGIBLE, DISCRIMINATOR) VALUES (6, 4, 1500, FALSE, TRUE, 'FixedBid');

